<?xml version="1.0" encoding="UTF-8"?>
<project-private xmlns="http://www.netbeans.org/ns/project-private/1">
    <editor-bookmarks xmlns="http://www.netbeans.org/ns/editor-bookmarks/2" lastBookmarkId="0"/>
    <open-files xmlns="http://www.netbeans.org/ns/projectui-open-files/2">
        <group>
            <file>file:/C:/Users/alexs/OneDrive/Desktop/Master/Razvoj%20softvera%20za%20embeded%20operativne%20sisteme/Zadaci/MemoryServer/src/memoryserver/ConnectedMemoryClient.java</file>
            <file>file:/C:/Users/alexs/OneDrive/Desktop/Master/Razvoj%20softvera%20za%20embeded%20operativne%20sisteme/Zadaci/MemoryServer/src/memoryserver/MemoryServer.java</file>
        </group>
    </open-files>
</project-private>
